{
    "loss": 5.758718013763428,
    "accuracy": 0.7777777910232544
}