{
    "loss": 17.433643341064453,
    "accuracy": 0.41111111640930176
}